N,E
1109141906329,296935063903
message,signature,duration
516921866516,539424527499,17521413
828310474860,901794718577,23897720
891130139889,454419097240,30786986
637886105372,928469795266,47484082
583431171576,54731025979,27126379
968528237358,686442586931,36312165
729656913189,990924469973,27387437
776736216068,700562063240,41896975
122943406,861891305293,47416180
971392339943,1063121710855,42616208
439163144092,602566550012,47896319
1039319136998,119514426322,53705718
297966494053,523654848227,50312221
237460389945,902635710475,52378142
641695763909,954865038119,48076888
989360203021,1051341964363,44851136
251414544971,41494913418,44847545
844928856443,372018247665,39916756
1101034587314,406233292720,21326622
637425211940,600163456290,22399865
345911681956,1002992360559,23018352
200430387820,95042128912,27497041
885458335613,591291545181,22860854
842436730388,448263545988,31483680
439997946583,718983311228,36554005
834759528226,812543804287,31910913
24504613247,328491707287,29714503
525624652944,354377638856,35105259
80071424346,34236468575,30019564
206449516723,950838371490,33138007
174943874709,979442336237,46202753
846354416002,23057214276,45336099
290314714021,100236316887,44793775
904038990747,158752047774,32314388
239466545842,877981416367,35476871
522778677026,766406614467,39103191
372044377726,36614065159,41270680
739545598107,708810420567,46361762
346631672549,25120551103,48090173
60840571315,120695921812,52595870
183945126601,745655996279,51631984
633019447663,836627052999,32159389
1033937497648,123684778650,20533495
679828002839,256910769427,28047072
1108039136564,645717064593,42200453
924633049008,499846982263,48980566
372069743706,997060960502,45013001
161514049660,804717101124,51099896
1091024978758,444627410352,51382157
331910806080,1107924924877,30353076
1032641025479,196153059184,39762480
1020420595218,98431813327,35503070
316239294381,853863696443,46040069
277771375675,191295380036,43958108
685760011629,949312320708,46522317
123772340522,413800802673,44928351
835421158617,74125716973,51656341
986065552886,758608298482,44169791
69052230529,831930695486,45499100
54218410740,941048988690,47541550
340345536244,946924625271,54841334
1013402096002,136698281228,72248058
604951074880,742442728157,45515156
109728774188,957995981051,47309218
658850932133,59321524936,49824694
588828246790,984040574958,25437286
760349642273,571595416547,17240864
587679734046,693180733642,18665922
771052987664,470304531693,17060708
686855072301,755166071112,19715478
863558932125,717285244026,41949955
491484036696,930282403181,44292514
872150414458,85602622848,39550028
277334838813,71971646081,31352028
1014926624239,765382713597,19595907
684992935590,978745715609,20849995
650322342051,318953426888,33759915
603475882281,353628444890,27228870
499401559959,958236030047,32695477
1044944270798,1104646291346,31455592
654739428581,387655599351,20663077
661317963166,796777240776,22149826
862677446709,684389916353,23098543
913384113960,421072431513,26720959
430052269801,399546508715,32859904
857204349043,337295773799,30346837
222371632350,6644411692,31960667
517000141891,1079671802503,45668358
856251372947,235825220553,55110746
736442565009,829899048429,47535334
270141545615,116166888384,34234363
700191902687,834514250964,38016767
1038131920202,393472601845,33389200
153397667460,886222632214,33959888
211898246530,271498127450,34230327
380287311083,803132142939,22246716
502481536359,21524935657,19997913
320981866898,78265630446,17077559
1007177586632,658335572874,22885981
150712338712,862256626721,18688441
891046590230,954921719490,18964633
648141361611,1002346601983,21939350
938178399671,61925984310,17327130
34074254713,884633097683,21985673
284430229386,911894902081,22191075
519538141269,554606272873,22153946
916081460455,166414773877,27088545
679798351381,322285537993,35654453
636806551087,283573741474,33595461
609558501432,435607960628,32345785
1079964551143,999516927387,34281266
230378356735,131072840641,31659343
197754075373,667573930666,33730843
223944896614,40460943062,30343352
812421392127,365671066359,28281999
440284101131,114261232883,30626859
998394508746,548878479653,39000503
234560616483,935710501990,35329137
494587421781,833341342793,30006195
646205366052,468868793581,35669685
204102361478,730366507687,44875904
269672769155,198688209369,50462803
473492627726,373006773274,61373424
751451583821,827579923138,44557231
287709627550,925837388024,38541594
181541715627,1075707063519,43138980
239624810578,55668301861,44845876
1082760038713,454177447172,44608326
563055609980,863850306134,39145169
376242693257,1090174042293,44108066
160102469599,367514146540,42943291
252012985468,50288117340,43342258
508944961958,1000881025779,36997543
1082470515210,396677906481,43391254
222534479750,590414389992,34891231
182037346978,622562849753,31269875
1011711220839,640408794761,28867827
493442945669,840323775941,33830617
314811757355,193420498676,36307151
755718010445,835550104871,28282623
491227517131,883823035398,28415036
530353996971,761269957729,29219923
116870179713,178091939230,22547526
472980226109,1054392097518,18100844
749020385286,988430245251,19374719
123020429579,384148722322,26567887
24715048787,37897116756,32549243
455360220476,112145196340,32561011
384565793597,400394997284,27073946
982928868532,359259735356,32069016
102850160770,283382506411,30244596
323917434519,854075209492,32732049
1010482499759,546285398069,28261533
894377762278,305998829784,32738424
656337285741,866466240396,29846094
221446538811,374864383987,29953822
1090462248910,321982267579,51314730
273484321618,586601988135,54623712
524726802975,1061365565297,54232955
580023506691,579050116830,44664366
908646340033,209925487384,24130474
1032097891271,808422872653,18523477
608718230985,766603632721,14578401
604277839211,992230482173,21231365
299761018714,104951382119,19650407
295245540133,539069318783,14686447
165413829020,1083331217864,17006868
915718026244,728157186801,22853338
84062297690,793806679901,37225212
755528315651,316302588645,32943662
303226679830,406614827634,25724215
425384518322,259931957954,29370998
290035736622,448000952072,28135827
486144024075,608439722269,28684819
281987786833,503365173562,27863949
252246713974,1020091220484,31572795
537430961491,72596566523,33413966
51841761517,1017517386684,18560066
364685317265,111074482804,16985815
451495860693,138883053435,34559728
25134923913,313510932160,26291857
305161318446,1001480907710,20091344
335137023944,726023234630,25736411
939186012593,121925443686,23689235
1021374515724,864064138725,38291559
1067742816816,847900276596,33711521
922974375214,223268571763,34401461
767679645111,242237942973,30761183
362036047740,1035018587065,27227175
615056866083,536177143769,38197779
330809264454,98545734942,42604391
281387586528,1078419243090,28537078
479925465011,482460938092,30304483
235183526662,848961661951,34329856
166263525128,54325485485,32474384
206384499248,770203758308,32130696
343022062315,921842227867,29784597
474265272345,566443512994,30786063
842188825504,527992318106,41298901
792069065982,286009850977,29693729
32821932881,643554375856,33442282
303454287210,442597125234,27098254
821706896266,818992973272,29862369
161315394060,937900032410,32147308
478877372191,654743907416,28242426
732956698931,885607796039,31603538
614402426828,94488205828,31746965
1001474894643,332621112188,23423737
214615603196,561585109614,20934300
556682012965,972608757936,23898293
278504021240,514767463083,22210720
278354639114,1053989364169,32401400
279757671257,561643124029,35368328
1011806902862,744314993200,35907272
1060410122546,547402469683,33710634
216190605393,458904559937,54455323
45353818749,154614555476,31317059
731105828546,655165633601,35183212
661738130685,872167612334,27438185
899629916026,49071731890,32206535
844180366872,630468142477,19006541
570031073103,504944388748,19525985
37995820853,266831616509,20126554
669629683959,574221427610,39650785
796655137069,7119457455,61847748
1096110975062,954605570664,48951044
1104499466731,1033797673788,55753036
209154576638,139980126451,26733985
675685043943,1094145340416,21374279
453613957414,525934956915,20592152
379412678317,1105061111837,26628767
173588697811,702284408144,20544365
616014313662,210440453365,29887174
68352306201,1095643484460,39167633
682099017744,989391676008,30951214
25039745679,859742633730,29375163
306134185290,1023436596383,31131561
24819395185,970163700664,33238698
106951174338,652421886415,37196290
124329951912,575463483165,31911445
288455130870,604024155632,30447507
738770449228,394035465296,34708621
432058690526,283325943130,34110796
130388901487,1091650621421,31316585
269181333466,795372386867,28372020
847812584983,425583307674,32475859
397199374381,907135843710,24915877
347337411956,53182943030,23035083
330376347585,695471296887,17725946
861408618561,910180773301,18182760
120742129956,465436817590,26245805
845247540233,523331077890,27101074
710210275571,1095317733852,28303477
747006745325,208533268751,30752872
140595098740,35824369887,35394972
100216313179,674275068039,35225292
617813124427,941072133270,34960271
663671250035,650258649298,28510960
4735036398,474756882347,35926396
491772475398,878421501282,38332567
741527948581,107703306944,37826116
102978059662,987229128073,56380923
189289380888,892334339767,46945262
435643786023,533287177460,29323396
894929749850,390383214685,31951039
283247484992,576556658361,30360096
63415961827,796613479340,35209947
884510544789,952226036054,36708120
531049314893,405111890015,30141399
385004352140,272523415955,30438558
486381935263,64400249253,23705813
1070261584941,914601150170,26541930
1031249318773,258451546290,31594015
353053531451,374757178530,40994387
105744598849,582892036557,42064635
998245043450,1069998691899,38519611
435502258553,436560094253,44823270
54338271122,971576739291,43475474
974956600185,433900997284,45555307
378786458934,1071909028276,50703964
1052811927650,790237571938,66060430
428005297625,639039542935,74079044
952781520625,547267384029,78482094
587450552542,779344566153,18772436
545431054052,138851585689,20439782
128509103412,827718258393,22866595
993635685932,482793805992,44825352
761415510599,1078895147551,32093681
646993165807,788389797666,42432579
759761749238,874673686147,60867436
971161883225,759375564437,21383215
924999576969,917709571789,40696666
316435080583,939221372355,40447274
1068297143702,867617860794,37393111
969834530020,2163801141,36959320
701783218262,71637052961,58154940
800859369363,593862911385,50345813
274092418717,1049835809208,61806330
925691108328,1020051537840,46154126
981459970220,239745094793,57986097
833319186286,691914666268,43929744
876295714223,243788600811,34215662
827550093010,441318416396,26402081
881082362287,242426162144,25053870
1048867938969,294795969906,28700141
549631733144,144825872687,46101385
87424820087,940416658636,30044021
401180971979,447918024388,67402785
893679323432,171926220310,39159589
550553663756,49562565435,49971354
549408503801,1011217905111,41541024
643178686018,343140739158,51515621
501674743229,392718928951,54598378
439871454606,552364547023,50488989
751444024955,521818282444,44635474
7434824890,295759350584,42554245
413350012152,247611749562,45422632
387698504119,334189365403,48871485
202548804255,871342130061,39964484
306420627786,657204008510,34372903
721408301589,882434335244,35361932
195740187756,859811944780,32059338
666245945948,145959567328,33987815
598198741093,1044625809363,33154528
1028764646857,391258912206,32753998
347787989024,54463386245,33647179
1056284069527,1056760335301,32089357
443623590866,1070026041081,25703326
822960349045,361499189164,19121493
511564145584,360451259323,24992829
236358620972,697000263217,32853173
800237345214,76661246176,24468440
769940377370,399036426408,31500050
18934628247,953735612945,31281080
25574238844,579026600206,36306351
565241147978,306133268636,36534689
674892036588,842521539195,37308695
546737806662,1004762031809,31592867
965867600289,420745839468,35393291
985383030617,624363578942,36116650
773044812797,373448939488,44592321
512700872038,863909181453,36641922
204206878309,1075504370296,46416795
1026190088191,333353512236,46572695
131824842404,140076785636,45257739
297234816625,328923314299,42220555
380060106566,84387371238,37209763
1080967170461,475357767171,41120013
360615965248,841680708375,45554431
883210504748,543305508495,42009133
125785537437,43969941873,48148864
898987936847,222773085550,40006043
264151476618,151329599687,45035354
103062008573,66859583197,40564509
481352679246,297009994861,35693255
308809594211,11657078015,37947363
677330877632,1064511177719,51235770
42118449632,425520828043,57513861
1034122411128,154445842286,56117019
724524379466,705338541064,101208484
234981263808,287861270433,56056254
1107026226119,866201484796,41178151
64524567611,657189898408,40280478
395322522054,88603692877,49829649
192355213314,687313080163,43187208
799044397294,540832181653,49517527
96618702808,124821826062,41676086
292407713555,1058292966669,30319380
693058800461,764933445297,35634294
996991357520,1096470704727,26872665
995895879346,919317584641,29436489
532923288819,844038103177,43594086
188345225603,22310366851,54932176
730680567969,471578156190,51997997
1055694522845,1040083503236,54891078
660679697827,472792742304,33558695
742360920374,218040428303,35311669
709006658271,614182043919,43437354
722434032955,282059171640,35945184
259741723873,733939753002,31257362
150155894803,300874338310,38457404
325631736574,917979400501,43831176
319641826040,839540294907,58380615
500104230410,833634484820,50564718
384472068465,128555104743,62300430
1011656242301,1007333472109,34297360
395064325941,19179424462,29711544
231030494618,485832311714,33754371
525917714735,176099259797,32392825
589303872865,354197474031,33274154
516671884051,215934038394,23057889
827955250099,695658153850,20911459
9571973203,228775955718,14467828
636604584449,686560579839,23017501
603144094186,539061947700,15988759
269105505351,950144950916,28627515
460796814744,482223934091,48198478
127295748837,920241989568,35414933
600695148009,171050815887,38651737
900844903681,453740790051,32366463
951816931806,1011388489406,41146752
779708477525,765833336434,24175211
390540088386,982359671400,28836201
153897947783,176591566136,53787952
16480914173,1035811661822,52934604
1058210928849,917152334413,49580304
661746540395,951868150942,54018585
39785274831,1107382127246,34245220
151443117075,887376280194,34594552
869573453898,405688102963,35959562
257557534867,833553201790,45125051
982073806600,1028916608796,47634660
285950076966,515664195923,47893528
577404586344,1036536963471,26906048
471050647407,7311457077,18800689
894949464387,277741416585,22563556
695178004785,2612836104,22899063
558359923668,1083305903604,24875367
857810402608,575978518273,40911701
951677799027,859426273381,44084093
354594707747,117727127176,70287978
912849305958,390869648034,51361777
241236047409,353428100207,53065095
30950032036,770386161226,65019360
449289330209,855787531843,52000509
548579058969,3848023566,53108643
909753130188,1009943871639,54318895
219711344636,859151360796,34323276
419747318514,303528549736,45624425
964077855129,397810756231,39960887
787178404070,502707595095,31399304
951286938634,148497583193,35442232
759750456013,146297068762,30887492
828270581317,249606798838,39323847
792808979412,861868251801,36428667
571899018880,814091346546,57741126
518863476541,52280288485,51091016
552223587872,191178305836,58059266
23289326005,163855559878,53108753
285645323915,77803025112,59793406
586041261747,175923685664,55098753
881883969121,693827676796,52746558
166343294686,425756221455,46085243
128117602030,10883150946,27702881
335999117892,304115511120,25845714
19876645329,1037752751948,15489644
637614508163,922848739360,19461481
577955453936,244104794766,30192178
196345338926,492067188641,25339857
1105762053827,935979419057,36253063
765080127373,1001370480584,64094834
668050584326,493051496137,49601193
320978927164,612380831344,53402393
637781261284,516961373134,47214545
171784926985,642601811644,28028025
1431216936,886745415935,41666101
1022205681698,315449644378,53016319
556976928393,346889960285,29061926
83762490592,457186128916,23201500
148982724602,419825165646,41454168
652157410141,524797312482,25897049
277009627367,619026957560,16960865
174240207026,1078554045204,31467177
890937349396,1061579322779,39406473
296198958302,583956101464,27346410
847390889604,669225896094,16559070
797763457444,414187424300,23335451
249706796292,939378207733,22164281
901631194284,852121632119,17940907
261770207406,267092260691,22758974
591933405884,115552994188,20709894
369663985589,485221649864,20669883
238052432109,119123975503,15963650
982260024494,454352143677,19498696
344470459517,883986302412,23368736
506367420771,770055984388,23268801
1017812424059,797292321887,29221483
1034486223246,1041405445653,37923760
346539642202,673332592668,27762203
394366896940,252644346118,37388433
698297275958,952028745806,38335336
674402789783,592291155386,34733555
633506256387,326864625882,34703330
1031760849133,20665740980,22793694
1091375522496,355421794737,19282351
30805768771,26987401299,23661061
359112854421,716548623044,53145379
76067184626,588976540795,51648221
690136775627,162516862875,47983789
807518554883,494576158240,49444137
82539903328,32614830998,48983271
158712067729,246095789481,40714185
728043486045,666616780096,25072921
358867229832,346010682633,20323860
875226170930,273915841736,19694892
1082876683875,282531581875,19670979
924578400704,369073537416,22216544
286693436725,149982069969,48178447
717641380238,520029485884,57320785
859164790986,71762196225,47910730
929228426048,898714525736,52003902
978169873450,1022859325743,55560261
69095603852,645988410366,62799137
440775176704,275081234188,46230805
74380262426,285851108611,34890885
907843101224,894159985321,32897994
504177136907,656010431759,24037612
536768041789,401726412822,28970406
434075064293,592105256544,24989907
106258561951,45314181779,37998375
161235644786,246092891698,44791664
814270282293,47068933135,44872750
487532124722,830522649158,38564536
787356634523,59833850576,42046604
866335357565,269039462382,36279028
637568634312,887919506588,38517550
446470632900,186021395087,23166852
706835585460,447599132967,24272613
134725984702,974279633613,14404899
876242458387,55309420531,17063791
161801946285,924848056465,25384138
916884979346,326033683665,29537500
303423220676,282447676048,45974742
724597630696,585682992272,48063541
997310603053,505466285036,32300708
850348924948,463922887107,25061760
267165103029,995567130453,43368960
319336567204,80697493220,27400911
643403292736,1008940640521,22552902
595994986481,276424456346,14264300
568609594431,151318824214,18978882
392828062940,627780731922,24924121
483460567743,900847256737,40601406
468378893487,809125439774,46910708
858054368563,69877156511,51950324
791710414592,420375372267,48715895
891591727261,795820346365,40719400
492600677100,22892855229,24170623
709762535458,969467860299,34707189
71623324781,118594613379,31001651
458959919187,663328984401,35688030
807849689070,1077078451949,33305297
64397941474,426955061912,29922627
692383708499,585384184617,33504295
363286665523,738907042473,27704435
584401379945,899773532696,33809031
840669708671,787569071812,29937210
290440316880,408507519973,27005441
5096491118,726863792717,35145711
572917641840,1104809263834,63666103
792342614945,826555003105,49345819
519220480528,798940073323,26451426
82688201875,592378121930,19384533
301380472542,819734374848,19504110
60318264589,367968334106,21064511
137350160575,834247420655,20289942
417211630717,1061937724064,25324015
1007875910877,764959281644,53410153
421295782471,82546887691,52265266
886313558255,602959086767,26026013
483989103403,341886304270,24412983
42400272693,345497333337,16917262
752496160996,47453521256,17273784
818863488232,347041627144,21569413
1028935825661,632375777673,33890181
98623747128,651932753201,30478388
72966043082,324378026301,29446770
443420037809,121457053928,32399563
369235908411,750847477528,29806784
1057010125723,664868962387,30012713
302173654050,769622733284,34782186
288976443886,119978320458,36068701
861444950179,457187666725,32397953
1037755773220,64655901522,29772365
415692693013,360876690451,34008241
172263452855,458388943667,27557936
603558840533,666858591892,36966959
441071792386,882780636063,34707560
741671010137,893499716068,34858106
651168622814,547101376724,32236139
514596989108,844320448279,31213253
553231559324,342871908209,31357780
567937532000,274778238772,34924241
1095796992354,91774650990,36330397
211014538472,113410662569,34856238
834180715633,1014300474921,32988630
684569708871,972104311666,34456923
878839031520,382602460064,35239524
673429007969,399135016472,35305134
23600269459,445263172278,27154998
899953655269,857926913260,32963618
471795616368,476556862701,30435081
1071815353859,278948508714,30399319
543120596114,288481513588,27461181
628640092671,540041066992,29730801
568868576167,641383605556,32384292
97543554645,246764432813,34615851
687454182704,734282416425,29427730
660024580375,307651927808,27149599
897049620440,297344603019,27515548
199048255718,1012942050460,36149263
523410434828,851967803672,27310480
642357300805,146908699208,29677848
924158656663,834474734470,34867772
696189259841,568654588432,28930734
215730124481,1104304660482,48678431
341990489303,566490474285,59185996
989998146503,90183396087,49080528
448676292035,1009272805137,44645399
65014795584,739223454447,29060563
375266887316,630060184059,32564192
838131524083,126850322620,53500168
90769065299,650468417000,47961774
1091791677432,1046883352911,54216145
665895449278,1016820880270,97882509
71199336891,1053526988867,53940895
722197358720,783799401414,53622901
126749826952,74280732262,60239658
82784331045,432230716751,86035231
437779255101,365632173913,56639954
576209315007,600478436506,41511993
302726128490,871548774008,25325896
1070711832176,337007490189,110783212
969862788397,145007648408,51017395
568827583525,594308219992,101438602
39290956109,290989197047,188051895
9294656989,745402089858,46036350
521197044165,182453659117,46800661
152454055499,458144720547,35708414
1046489566642,630431606508,33107406
319606735602,786023953572,31597805
432515399207,1106135377963,42207503
426428804305,790380775442,51371874
735073134848,1007852821237,63473728
833736171950,56924300339,55023941
495512497898,1051649655632,47315183
564445276218,189660767228,45446477
870819299768,446446814708,34299268
426442316030,643291516166,26839469
56828768543,345134119554,27393548
1074864990142,890130210297,29707566
875168204423,1002448812102,27225925
1011769394208,667628418490,30123398
689038213358,1099866906757,33485943
944815124248,643010884356,30939432
164690556351,322105829317,27336536
928551449543,791899844398,36633643
235852722623,495483323239,39936766
630703050507,146861585249,27825550
414342559203,1049596732208,21866008
117287800073,919652309290,27889723
1025253192198,19488477558,33508092
849151194747,564427978210,28236856
369817111424,1068713906206,29968231
350924765917,194452960162,27408610
608648292007,46435985395,34780218
255128832024,86904043735,27788116
258692261977,735940084981,29713306
525047217935,980691425856,24501387
24103524946,169369652720,42171989
198673722769,724054117068,35365670
70212813938,419996938881,38045032
66587957493,889164534691,63590499
534795001667,809708344064,31996571
800761059496,927974219961,191079367
315818124648,369649243290,45457075
153207283941,283908509704,51442360
941627728598,220227728415,52296758
606278014008,510622689638,37426384
322796601100,1003368821353,84808847
923414296615,532580402077,52160203
336255873176,904492493950,52930275
545827747986,948619390693,45772541
475743156598,494749334215,43516842
1104022944175,432543536160,34786280
502866816806,71726969396,35901797
671234376608,669197673573,64819805
553355656971,242437210076,45315659
543759496647,1077740252702,46623511
359415006424,786648204243,57415640
950225902796,652050831066,36869489
261182268091,229393694811,52908613
965785807331,532941556043,45060780
913751667287,999390094236,110424196
1083990910887,490128436320,57211089
849287975564,561812098955,44610518
826773434257,231433137115,48105675
748794359529,346197759663,56897075
890143217500,728836229503,65127494
1018265549289,255652185856,196275365
302096930371,766913099355,48792613
270399657241,694060500607,48693171
932563403334,979268207423,25934092
98554584802,513915006570,19456312
492994436191,375066906470,19339406
26746687180,48811948373,30754479
84002940724,197763827721,42340320
1108943351106,790066046756,31945098
810684305642,185256856320,34276603
78076866541,521968163929,44907304
478834272786,776977085109,60877391
196744919379,13345651877,40969753
320917692434,413358143760,36074884
1071767641509,78050897154,62133454
721193461069,174764647832,27730769
643833843290,1103647486320,53987783
1056470331561,256403829984,72746646
735435306578,473985249792,33389664
637348290902,798814580583,64437370
403856638010,577409972453,35737745
704604440103,944498454945,30891551
1014946029280,939688754838,36899100
234085220211,1054441961945,42323368
391570570556,274913320265,23746157
189579463465,107165543116,59801390
1146260222,341041755928,19757154
53697417183,323564300568,31970698
347825716674,877644919604,22872884
746630436908,991984672511,45108489
723116840932,504361590752,133149112
755356719229,1092336491659,28943139
1086926469988,636811840124,65610271
764439020935,750442827071,96673732
693440248169,856011040763,88432293
508636758307,854461428866,42945908
387071081336,853976492878,69499190
131041833760,317968680569,63018130
918408383065,322724833421,53301350
343787696417,247672520218,86380721
1045838936669,299829960509,177661283
1025069375838,1073257140382,57189286
2042103226,62058327829,48046931
850809199207,1091292726310,49158004
179964279256,648570931870,42568757
557483094908,1005817902273,34989428
1076625965949,757568195338,30609027
977547359964,150201281430,30251627
589728061006,689571128792,29860846
406002590585,406857669581,22727190
200850078073,514570195658,33231038
362370565220,993026580727,30519091
798167802679,624188991126,32231933
984969214591,141582632253,31868765
152400806314,993397795399,27309996
460648226127,426184319985,20170709
1008456434484,124809988591,17294800
914958384206,882648230104,21409378
824997771611,1032367541891,24433659
780770670992,743307362751,23118752
58142170787,240114583537,27754260
1005307986218,888350149363,40343019
143818160657,599454580394,46900536
24419192176,879642957196,78896312
1046261268424,569168517349,54635342
616558543711,1049747222176,45714782
1088173646785,820893554452,58059828
1083328760582,527245122300,41561499
9523205059,277839608881,48578867
415179311789,246266768124,43642826
576844937786,934854163030,28290087
678127839026,755737140006,16257746
719292933873,517625422630,19500981
209203911793,367976737346,24159204
388794525040,407369617504,22376389
1107415197486,565066260870,18102202
205516593530,180550847294,23564556
939611367806,79714791128,21651440
993041657795,774514717935,19929385
858521288770,84141405433,20754629
14919608292,1085049686346,19062103
289546706084,76178956791,21836222
715200430430,997144338862,31466838
286261485699,1048100652232,28164621
1092269474187,928143396118,26940252
363413662421,108852740092,31560297
918610460740,190095550600,24838956
786322810393,958346256049,36308461
960873079727,604650170191,30612949
824438470530,1008466195459,34857667
209191767358,1019441382710,35296915
1052274875454,836921938961,40811815
240754012415,58336265415,28644880
700485057035,749781541474,32796841
700214319117,621850197067,18342521
193605134806,948731116498,29889837
906375080146,850563065080,36683170
702583967994,948906796571,44819666
252334290490,245888402982,73674404
102451008647,599147049457,27903422
549403445468,132540250620,27219093
977771652852,599761551056,27329396
66200912066,993066940105,32829279
92152042853,1081264635142,22963959
220395312558,615343036528,17551130
150266087427,723756259961,17280544
888496977286,230145683518,27195693
529481757950,1020809215303,30744092
949839313424,489558713121,32252788
897406336895,565084083828,52322783
370621079644,654564074548,60784592
769091677721,1046674375496,48666701
277660491608,327905492626,47401195
387919627106,435445211273,37172359
1001504051118,809554621411,33801741
240415109819,883895725675,35556201
672610890086,718416327580,32712685
103684193153,1055363111544,38981030
1050392182718,721699794829,40139636
970466294141,451778249400,42277466
685449371640,926445655341,55432070
694049869387,232726096971,44900577
611579779012,282258062949,31590625
333138353005,730189375645,20684517
1007399530310,730311841625,22500190
864734089358,1042657052517,16601618
993341672882,314045494244,18468399
74508968861,387784679643,33483768
716815061722,151729886188,22215026
299127875781,413629364887,26735020
977457889648,309435591692,24070334
34921860182,87816453094,31973649
891511480632,880199140574,28470540
12585934990,446758068907,34517797
1102343898511,707278205819,26871257
577046064573,516379321387,24809930
731378455380,504783113424,20518235
1026154787429,582016251902,50158785
13138795431,819657124238,65607969
327295087879,906238906544,49415339
118769258640,1010245219511,42505979
623585403616,332925684973,42786165
692714468511,1077796372042,36729435
466962498388,238580224405,31824265
384457160191,17102656333,25749874
58070981651,43674370687,42204138
871367157305,249861691289,48225487
23299657487,401205073020,48742320
24670903827,998843421971,30433340
864641913661,27834172170,29834913
21682809281,343033188214,34156954
1031980838084,145786828081,27204159
441220161946,80876562686,23242834
692654215856,1037543280577,24011858
42682222317,338142948363,38451564
896115432353,763178346472,50403922
398493734916,665439662265,80433394
176844736805,39312189947,55543829
123276670737,1063628701033,43090669
394593037569,617819342294,48730664
130950003293,611988233642,51571477
505764255123,291409410261,42967145
1001758881476,407606780161,53903344
868243635413,1087203976375,48354633
397551196552,872606392805,48579639
80324966599,839878289210,40370555
919519969526,393343335330,54038397
303734453330,927088463292,68965738
899308215677,1054686122527,54911779
876164881701,629287592423,57823983
679215596753,491788427740,41072490
196158899714,554649698235,38815329
290842249734,474214308440,43438509
637807259469,1089419527654,40641508
14735357968,529038126507,24931966
289092374603,172609050740,72807056
783855839045,556769076842,49914715
432128646724,637936538645,59222119
956643992789,405443506903,59338780
895175402016,220158396333,64994740
803495523842,19303756027,55622754
652262997146,553488348683,48977492
14980519433,170628952257,44348684
522153222211,1100495175053,42976520
869546084024,1054467771026,38467615
1002796372643,346233657029,33505983
538755609677,773712751476,27176154
761474392154,1091582003176,26358305
995324401716,72782117319,27263117
464928956417,373645762400,28019237
255849797936,692120390388,49382632
848973792205,256796943200,41996781
264797569935,940416427894,28821366
397880294952,676728638021,39976874
1090968313772,526896436339,38069558
1040300750293,782812572987,36821865
603903765925,835137945978,39006039
262132266874,504936877645,42018709
401663203089,517518855507,48786020
1077196333199,885864989183,47227395
750187560504,651301769122,46284687
599278045638,770096144643,53735786
995035382263,341143991808,52686146
785837824032,966512148314,34440879
402450412649,124867034244,32311538
847989946122,530300298773,34514369
1004269558297,623516452675,46851886
672769204841,1013096131194,47561955
156675531096,738632869173,54068895
722808087348,672498320303,50091865
376128456875,465905568085,44990719
38957021858,884059110475,42652068
789493010723,32734043898,33624758
263781568544,506949509740,38947340
927852820847,345332789,38954499
830736627338,583061315786,45156403
18328650298,1087943340518,17843852
342430468578,499782775764,20182100
867056188239,692111734922,65174060
637564608097,183029664619,59423563
1028646604501,870127636523,56808931
174902293307,363374036737,57952176
1100909759352,358694892416,50333670
680683139932,392030151558,41559783
1104867487318,887620745707,45727575
39377635255,218978495754,36350396
301438762674,114398248534,49573564
128296446254,779498058439,48197228
253407976169,161308201801,46404187
299454370366,534665851855,50733149
283610256373,252363661642,44723910
483837472192,501962348508,43261463
672379884109,233799994004,47942596
965864046612,804615537644,53659915
112887719879,201111571458,45946309
672727126033,790451426854,49678778
820320638906,102126996394,56638106
961844302508,6333348344,81582687
77580620991,1044304630297,54233855
288028743805,158376788036,45580898
313534438759,634297130290,81871476
477618006119,39561651197,191564247
35026487547,471043408249,46929363
147637277464,1095896305873,48179724
197351136469,574698472450,55778105
267952467300,660149964336,51646287
83656842701,756096539266,49653994
820578474224,354758417723,53356924
1093193138024,1021632711256,56362223
796292842181,561083689998,46013028
352236513664,764365898107,41314789
84461467480,387140670147,22882367
9445573612,420327049430,17317703
437414882718,824238213620,21431415
1042595751113,1001637323994,25665407
248354985656,471278925752,30560163
671777296872,940025001837,44586271
196927738672,425207761812,60730107
305705620715,389166248798,48995849
35341637942,13576509931,53432789
977745392535,1065316634950,46778245
239629212662,1087199241278,49764272
19103462492,630885882721,35571004
777885967593,973159881348,41781851
438316264300,1104410049336,38146686
493762034717,263054229972,40596069
888907583202,469791207753,27396084
926234556568,645221979196,37399861
133765861463,512250480883,38491926
728927214670,516643771385,51205330
136778515672,760427276092,45377186
42731922671,28659331527,30400918
227716231833,278879886181,30990332
627000304412,97034816357,75258555
157232047723,772553384422,33090246
46179731677,862657815870,33316887
235161589359,1052389830933,63343297
248428601286,10876186671,50859700
495115177889,131146275985,62554593
691876137478,360125814584,61784934
864105050610,872041831439,34192479
916940767460,847051756760,10676073
17964256152,902153038403,21517687
533586912694,124612468635,31439038
311501570828,469791790980,72741645
470224349867,476594351080,54630496
267325258499,193840666187,57308155
856034052221,8072075433,50407318
52599350185,349995429436,55896046
522511630141,265476030490,54665251
361229240254,585030207396,51585084
538447492440,1054375935091,32963819
949266357037,238002166237,59082569
884424259232,879943161166,30008122
281200554120,926423625413,26980641
934130967696,1040972951059,42870299
864857387234,1055652272866,58732870
1055623535668,441293865562,52400827
494171713762,455865975366,50095249
479244049551,659741614917,51215858
668979472565,86166689051,60178044
638596212899,1077755001789,57203396
236421785627,506783927815,50987991
453119389975,567620502344,47893632
116253643822,1004279384462,54613554
540500936593,811814376428,57551808
286616552323,644020577423,55359525
221163245808,612284327575,71757657
329382338990,1053024122621,55417599
575305125359,946348389189,59937411
591615588915,930002133906,53805096
527146667986,352839888458,47144143
872754459741,258975129766,29840658
451104190205,1046345550538,29806841
1000146188889,1009744772952,34477037
1054041199960,512746540054,38420228
233317539735,252719125705,37725935
606149178422,716272595201,35335374
1022872049461,91585460293,34153831
72979916428,898336893613,34364349
114766877168,315179007584,28798818
636251809718,226118170047,34387601
81731804370,682466118834,36695059
665380152061,134547315944,65060612
835567820826,98221900466,44128286
945180861530,825275224419,51867507
979518266303,1072908397701,227243027
287061061921,65543068869,52265698
535448290637,352834616763,47073248
320297521264,169680526310,48492470
1050180526608,143378713249,39611494
678698596586,573743051428,26781886
683808369060,533792910491,48609904
939709263466,831339074477,45774811
950734701241,830933147494,48339267
1012021661782,344922546524,46971287
530468060930,1079943856284,49013973
448558655224,486060927424,43678054
347077178906,491133013964,27107378
653204415986,65467097610,21586228
719050858113,32513706478,27572015
649424244879,516731283593,47085218
960076353516,701950261609,67153116
537361818761,42541310312,182601681
23554604877,1098216216995,46848296
740112738042,923576904737,45518973
769599730825,763217047586,42986454
232719394805,88882923372,46340018
362496433504,566486012286,46244866
481318828354,618320887814,48876953
19862318309,836900595302,49576085
236017632576,81400151832,49496539
410471962502,976212515820,45201337
897231339541,633242179642,47663145
643427210994,63279736056,48266436
421851539271,93887300429,45531466
730217079451,1102558660721,48493327
772405526764,78701210354,46110255
1049140471625,617270816972,35896678
1024267319366,699326483958,44909341
158072313731,912175258134,95319583
206145833233,619701235289,286983135
422475781603,925669874347,58836964
25000096897,202709164034,49500911
797421682876,767592320728,27265041
120986336295,710255065943,104157626
266757555757,675961581896,50629861
298245106366,305829000082,60603339
955384223677,957162841450,83333984
250373479081,1034869952757,108413144
557281755074,543119311465,53916220
807060356603,751488864335,49841771
1026044349286,643985061377,39924472
703081490466,231841604968,84705197
116632123628,1079584205273,98387370
667977088971,127950698104,189784768
326154887091,88973191644,48339545
418093580318,176155538746,45850243
527464909806,550889174642,47362010
752892090805,1059276552369,50119502
691406135971,251923487892,46739911
1019940769943,85872439788,49283964
181972752076,542377619979,47901793
969672861104,49276251116,50406074
835583430936,830517895107,47319475
681345776231,327003115499,32515840
601612106838,1074427251180,35481063
930377705346,1006640595665,65496382
1040606209116,1010229248520,82973034
740251320485,513312000889,34169448
111551313348,727179742944,25070460
230101869636,467190210271,18136465
548810743949,836030611268,16880692
739742586722,423600838290,19837525
618908569157,1064836807901,37856802
543245865940,1006530476666,26013960
639120181262,977601984954,23507921
651140917255,683497121960,27248098
236826872498,701518964457,26224546
11801842283,297195890476,25274591
23390665900,698679449197,29586496
292531069358,101187510179,29191958
809613008469,130583732044,33714251
698205197564,1058363559077,37546715
851910641649,1104015144359,35369822
806123494029,401810058745,30019314
326631713989,346849871718,26964423
1058687532041,287201870160,39281177
1052124369749,802513099275,30530022
1067360040798,743238481795,32935831
682311598936,614818382880,70190623
741448512986,735678932802,33640053
537951995233,1007458995328,21584499
1038456130558,56983090382,19377859
561440781226,999296836115,17857046
908613799654,400319276634,17234198
31816856150,537876449607,32155528
765420341416,638874462134,25945014
129451425260,32851354641,19834394
624091336460,35091627311,23149024
755713834463,462891982636,20291747
41708523160,627672546046,26346424
262761696247,917594988653,73125384
615849831277,440491602430,50397726
870689557197,2215922461,20235634
854333369629,876773540127,24873761
64847654412,297747232025,26308980
875243137662,175442050478,15988814
821001165634,224962474785,27422243
781959507203,1023167187451,18612822
663435269850,1089013359514,15559690
830479981135,57556896567,23523434
556969212794,713927062076,23255836
509771889114,155975157918,28320145
633518004438,797808098967,64114445
11312010376,822310026357,70422463
631070312590,25820290613,56316867
248646443331,563192551579,53299356
490440704911,521329240876,55440939
725034981588,840736661829,39381756
850269150273,202595259217,43060877
25703988981,912946708921,40356499
752623218982,396106452371,34832820
773023969533,606718285807,37387357
519597222874,316125677520,31730439
103075695868,1014679619444,34157632
389158183276,41504547255,33729067
936685226361,194785483381,36439616
191864159752,98276828398,60412048
986562833624,942118550985,47277100
799756912902,221148208201,67836431
1017684051621,984101286367,34626241
280523040956,56070286037,33014318
478463012436,630821064532,37710835
293987720312,575611970399,42112548
1092735139460,741640916745,41603976
1021184329530,61210943206,32098829
1053034864707,362806578860,43838742
757499640959,744124813391,38446583
270925812786,270980681927,55997837
120239883190,254034727177,64154100
543757316674,498550246619,46382219
943228440392,204269545592,38165791
789518750319,392482819204,37174676
1103841229813,761512930092,44112270
925601179007,1031679277959,61754021
104361554108,783865464121,61046055
717602886382,229506096209,51006711
986752438734,516865584491,47000845
160562379471,903544436574,69687226
761196559332,738928188460,58361570
573962358290,853608994260,78047780
1051427199205,285239906012,44152611
930939430491,124133519767,60960111
920705106651,944322567104,31780776
336542118639,1100135733634,40325972
849102873166,1009646785935,35500002
65539225029,145161117814,32485124
38963769391,721919194611,30195686
461991543321,907406939129,27752630
7225766534,936374116632,19949344
39128438299,578923485924,24615838
199813338010,949439576990,20037177
217670510401,470931114554,23276084
188402883296,22816252335,27459070
750906183717,983302080082,35448146
192693947877,776802932659,36819782
336970206652,80306583475,37244241
883210116280,794929711694,36553815
559164165313,281663461173,49165791
817036606130,667895118624,35164143
189634164317,171295931552,35134806
161500630352,318615373029,45873406
615647168922,601496797011,57408993
864612844821,593654433821,57668928
4819707786,105482804338,54234791
652674827880,451586139662,52580186
632304054840,831310929874,53916786
265134901018,133800180034,49274770
269100271302,311826775311,32762085
290933414300,450649939252,48080503
337319119148,979599944931,64842960
1044419419270,1079506018870,48348887
351456546517,191369985088,55728628
566342972129,636379611600,55532770
405731720397,296569270428,37775799
107951189085,1020879975228,27542780
700772992759,944222909672,19353198
220067937564,609630466939,61150458
946308302247,693664911023,51580405
1056034034933,591187122853,52958782
319386649827,993886726084,66290282
881644569794,977281726477,56505583
397985678051,57099466454,57619836
332042153277,873851656946,51037575
697835137350,536111446542,53643355
958812571096,266238285595,50632903
367041134013,530168794108,43854270
707817939376,787233971802,33642931
951021481929,1003224902416,39705165
201463193647,140684731636,30194983
428045803895,16864938082,52470496
193226525439,461762926624,31976585
857551166299,866409765854,33195119
722363901878,197941658185,32483172
292629076521,507640716188,40452291
695233824093,485385469404,39976006
150954477628,619720391495,36990004
153029628122,800567126918,37812531
128158843501,733208615141,16472853
537700440605,635337841594,22929568
169386982954,772581737740,33001567
920386646377,648630559642,30165378
592330728601,226837464483,33968551
1088192749868,1054043467307,32958274
92654250667,929959731084,32553163
251259947890,310662791952,35078506
842428804213,1028700523374,37333216
43314986838,12437638826,44868033
613058274030,494714876421,44305022
307569728962,521154370655,45228777
737479461941,47860562109,32374311
163648145089,717254261689,35145202
728782525735,1104780374489,22928313
1083562608933,400936017997,28923697
22931485445,102911464783,52434772
890973882103,714750792272,54973042
532111619943,874657386455,48882100
931770367295,846972746953,53834035
156090424869,285168850850,53531687
981675658699,512313829684,47651360
260206801588,128957130586,48326791
218666186833,26517070917,33661628
479321170733,413500915599,49187268
321079015141,713681835280,35820738
676482804799,46221555057,27975354
1011837218168,880660321472,28017426
908492731642,287905358948,38222885
717564087681,772010831695,35738203
521736839247,306237136325,34451091
583418630560,847521999805,27939288
139885706125,1033277238649,27733744
627558045044,207647154201,29761083
909369383906,285226317222,32914010
190229148590,1010526116712,25635471
48671790256,224789783436,43330357
23526725467,549398895460,51859920
506257257108,824726577789,67555925
626008655318,208668058396,63880218
137422425284,24355762398,53615675
220010830722,205491989458,33291735
699469721996,545892262587,38517895
673093915327,548685662567,36924220
387731731635,46138275995,50701726
685535423876,58897248676,57155695
701823365979,394896769085,49297290
1041452687058,232908841062,53856878
102989981134,179490685132,49082483
492565289246,481498374766,37205474
40316609465,720895993203,23506186
932951668898,888505952197,25015665
795501527371,569839264050,29114778
499392787913,58414871770,21572368
122324607137,247789674358,24958274
273476479060,736606343490,49284404
884232042930,698675177479,36035478
702763518922,824243254681,58846986
560795730565,788243416428,35536709
356876520656,104843781818,36775242
554087556088,1065434647125,32719540
977129726224,1027904496329,34447577
172429651307,236285871966,32128650
90818477536,605038477613,48643935
29737498961,280532224858,63619546
61244067605,848633381995,59201711
477693143410,359403592988,64600005
811675711366,964942170272,65652377
994617517951,421131378447,45321837
98269941566,590216213948,47100190
1007973697071,877156527106,48783899
231382198904,19047249466,35648987
731410776278,601552839933,32410719
235358876616,533305190329,35784943
199028392978,1031741932583,30750436
798814438114,220024740241,36212414
493579064852,609896121592,30156749
473653958253,652056790288,30467930
818089321153,705280267651,20951504
691941618131,176101655909,19843871
215800734449,628350755256,24001397
99110862081,78368135994,39302339
206341005741,991091668822,33074166
607247372694,337907160506,36320465
433034250075,369704749445,35450608
481078689067,778481957427,46897012
965509913505,414746845202,43927583
272303330453,613830971355,39965846
581686384368,475873128556,39659598
675282398617,595784250781,47891543
537819414626,262067403890,38304998
556777740707,94617796488,46916897
995986220730,125704087833,51956959
1092885066354,929275158412,62959901
538975305743,20131062535,49879700
499212895138,955156836742,25093776
49656849185,230367919256,26389408
736794298740,858830501604,15509378
913965980444,750680615535,17772306
539133553977,643545942162,18806049
1063359732486,1052425460603,22232381
1036887804166,429422406159,20905886
763179873939,1074047858748,19914969
126027702047,1044275173121,23709087
375227382760,741717904438,31698615
751428906446,494048041310,30084629
862775004979,531692500792,28978346
1027730151031,1100997103350,49088966
405892898071,651067477120,31209209
188216139911,999566777846,33042128
548211551722,42619758623,34092930
695038309504,265151253424,40293836
458138548918,161504240044,33416097
458040488745,221872701641,37702458
104579615622,85587758976,60499463
687012561132,719250286338,72761861
691229216306,904357913254,40022422
972726813084,336730148395,19596921
520293768347,727528513564,21116856
822327803197,828852916433,32170777
238238976851,1008062405116,32410184
1014088762062,403542550662,34266677
495110306147,444937027173,37507325
105098909743,200928602033,47596918
1090868538394,91501610841,57177824
362655718191,373148226572,57645085
280283631624,432204005301,55658924
845992231391,641987442110,48707826
964584138961,569255432176,48138994
158667830639,753315986488,30889341
484095588421,275150905384,15407501
960580195141,628550815946,17167768
274560556436,1007178937704,20464429
128667685855,200968245449,18108555
156028173147,290281507234,17838790
127023267563,182290418930,25168973
950808560779,246618516287,22130614
387324142732,477301269500,24162039
86000408403,308794164935,27413207
489927047101,888124671697,20406784
743909617569,920875890015,18795045
476538133888,1067950105776,19605853
715976330813,620976436034,17934548
742535616390,7235857570,19351525
191567745561,617656708614,19906828
1042480254018,17874251509,26916336
694759654277,689258235621,37899164
308937581347,109445443263,38381248
194911645786,903381200622,57003810
218281978545,432576965619,55562873
1056581785269,287864626389,67787901
93671177385,237053974989,50133663
786575110117,175943986216,21998582
714852478581,402138389640,26402692
787442295987,414112400029,26216089
855765454841,537455684447,37532160
345625172513,146399630448,37614441
619259709828,591263801783,39666832
785738762431,1014281969698,40211461
1001788020329,227382982406,39917840
548143734981,567004906464,35746240
732440577990,250336016254,47089077
904544057044,579592871317,41792862
68964821707,4771244933,36917943
983823337999,637586485034,28427255
523084926269,240345157658,24724574
680116963868,176452460603,19673922
476042932936,131195759909,24398282
1090387913345,254992432568,32213943
671788495979,571361494270,35469700
948562103166,1047360176142,35303286
950228732798,176955541735,45056873
152143199870,490163120905,62030924
312966613147,727135984656,55156453
744160926619,37891677151,53893894
68877561506,869635612460,49464563
963136197448,63438006795,63159058
551446343833,455142189301,54649444
479418948066,974563144792,34049715
509438098273,677450996882,24142666
142709724403,370193690558,28616382
536584445304,216254990477,18315080
215928001197,44361255885,26969838
628512567050,25638399029,48139931
5807148662,973389746800,36308516
1075128467440,66134178591,45768169
755638124109,156653512421,31420378
201649303237,719910632520,45740139
937443108614,132323079412,189770654
91412402012,459498175762,108411386
534950948255,274251906971,40353117
858976353614,796108178757,37638413
563061002847,194733834263,34363183
787502750158,789852472769,34456321
733929344988,21790066412,36174553
597283811883,486118228855,32696822
12770952154,750919288233,31039656
819686425609,85785624500,30738262
777431815667,203998077345,35451726
685492659337,72905803537,38715152
732213519975,643598457937,38142988
9104151889,980985037384,36930736
1020107618372,969582610540,58186103
136960475368,694642284596,21547526
663540470721,289396920159,20960645
630250802098,282736415563,24328205
361168396718,756922079850,25281359
842334590755,495107430331,20646431
964302004537,866914215592,23555861
236825052162,639718171272,33883196
633661717323,1006940560917,42230414
757282523738,379622674040,48443036
1071021204471,604744727202,34614544
778303778840,1019181536934,44613466
768846245247,584329559483,25341530
720322002311,949790306404,34705075
230246289065,439144728455,36491626
814172953743,282107162214,31008514
105771783719,211973051808,25803604
465798227140,377902719858,21006245
847808442090,2324102781,30491121
461170136238,557462188449,30178959
1059046475042,462808329654,34960947
251816769147,760747400822,36145650
707410046161,142527905706,70091025
389217787051,494108310441,35286706
906000657653,92233847905,22462159
372077646734,195128203311,15988502
1060256234016,657027276675,21093997
1072087811140,584436534278,21410381
280978811254,339616974777,20260891
977141285431,896119578229,26252925
765410246951,732619801829,20403926
12182490704,918516486813,21081624
342211577791,728094171776,23355629
510941646151,755089674585,20115155
350490536266,887657199372,47417193
989059550657,956970593774,28766017
999115635076,671536593662,46792267
628584671066,670754827503,39704457
957645441004,259167315431,64211471
839064965551,387942722460,57394279
478461463250,155524813539,81094518
54342000802,776256327535,28544057
862616853969,218841407171,21298362
671161259048,200087223606,20571096
156803649892,564748349191,21731462
546169652799,1068336500647,20577916
190816679316,141425527141,24654921
1005096392631,944959293153,31769490
79422377734,665977124274,38083429
136747133880,258613209677,58859846
926168090584,826571591323,59063963
698956760847,211096831428,49066538
514057867692,302124189901,31902707
967881511324,920177145782,32218185
264709319111,1003730953888,29648105
179733771808,448275190677,32487110
381248445806,225466865540,29843248
675969541581,1003027866890,30964341
522403610000,308807719172,33702884
653134906381,434433514434,36732891
969119643650,273470429191,32993992
79833590942,160323326058,40783852
790361129814,269277764864,36628166
908782443625,486396444184,36601510
719075622831,189147194600,38000307
568478292063,467195628010,33607852
405522491982,547444381264,32172927
149118411652,836156720895,37516142
465127155418,760589014230,42603914
680126894628,71958895909,46355159
92116030977,184181388897,53582752
495225670283,615656310187,49140174
689501733422,551271884615,42650999
252710463725,1069936131838,47867354
1056380437779,124824584625,39905341
578095759556,706909876662,30894462
31197602228,167946145738,24109617
944772869263,535187697191,25431168
1048026562546,622257565415,25492429
1004206023227,386047721375,36142971
733091084048,382594828470,18807770
970589285303,731891590828,20292772
885385623828,363970847161,23098640
590691985610,199768474811,20036798
767676730925,366900832872,21085446
946374327352,807777080332,24806168
709138712069,100380162819,28334114
1073004932605,602517907214,30540845
521232268627,490926785818,37425611
17186124939,670588047820,35182497
260490174642,35354989669,33654887
17753768162,205596655754,32743846
654431998618,470486370107,37941734
992625583774,401004409305,29822876
61093338185,363427908949,39247260
601649240981,485201798897,53943311
910614807618,918941939050,70329519
59254457942,863925791191,22226000
948519431460,528275005498,32951216
538511994893,626604694703,38120236
330145997794,487760708781,39743029
274127040795,697838298517,32465349
867843720012,935537470973,26571961
415955490839,813001607540,25547013
339063690831,667523376729,39613312
1003873088573,749717913047,32276978
860490469046,956369799661,41081742
250245064110,796499830902,31931463
468094767387,896228198847,44316958
408233816780,617345850040,44724564
181780041016,74091834498,40385091
976009958946,969059031377,41257177
354927821176,546875640314,35296844
991876905527,958396827765,32988360
139429653318,919898338533,37322901
350704096831,844272071504,29526311
852574896511,82212425406,32281833
18149141582,227667088993,24704237
1091898115099,941537225481,33834033
354417595135,597276569098,33144450
1019661804963,585258761761,52080374
358891531577,52997910790,44133936
154236111230,626515870825,36720600
515583800201,866944807282,40047640
573604986166,893848725716,62019644
219795757694,40180925561,51256996
227937297997,355441609065,50284795
83523791169,200368310527,55165049
1101044585019,130930243341,29707096
68804070899,260601438155,32771448
970934745814,732177031710,36200740
603949187212,731484214141,35177395
511883129840,645947724739,37874940
809140882734,199231843193,32896991
67739740237,680287758382,42969899
872128857141,997359786193,53326444
624262496394,766339910369,49309666
126035560899,183914679019,55889434
561551977196,994922135522,40747258
89006612509,193586991063,35234552
849421496984,1026147958594,33065627
379404834931,348058093796,39176238
962608071819,771034124986,34547085
510197289269,550299383798,25069762
390372957681,308516025269,20770726
902953584092,826665948218,23307235
955795650954,494190220559,30032041
566523776632,728718916940,33052117
788126890229,981004233969,40970040
687751060009,322689938448,35629945
796851327163,870361717340,24338202
891902247659,254269693388,22925403
477246830224,220648276510,22569874
204237804737,473708465476,29052811
594592301279,1093634629482,38977545
35094165836,174391226866,44741515
9027887648,958449465067,41200804
908656848729,718864388486,40398532
271411690695,466869113266,43130625
435804575251,758629520506,47756531
69229245322,793311822740,42216314
889658698276,115744521798,42939727
303417724398,75855847750,46256763
543853410624,208047566959,47492779
956605919135,952555063344,34472813
814497320348,845474415261,29183168
1309200961,434809834026,31029866
2932035923,346226380709,25473394
366650175080,986633456501,19729657
345366024241,229624199168,31201556
111913980242,1006335726401,30415749
676300828897,261382682565,30103625
1074110785015,499406310431,35086668
134794192615,971488132444,31052007
858478070824,860067608096,32627511
689183391439,300809376466,28330314
361601251918,769458375300,29881673
910968710337,405102128343,23333653
418391406947,443028358714,32841467
805703064521,211801673416,34577841
872713197662,871461301324,52415007
857664160311,643670790973,49151311
273852156919,632330691668,52500461
112629964211,462186393636,57264570
1081868691817,735269619062,48806209
62668891016,989757041442,32296118
240497521813,749912283483,39444046
414466830330,248759207982,34335807
774101661725,787724743912,27656466
15542565058,4859020103,30029224
601623251918,312947050741,29999856
740339415133,624355746574,34349398
841996290936,641155624853,33069190
47277435841,818887684064,35141655
283964177375,677538701581,30451720
131167329105,554535489624,40500374
621434291475,7904137618,40045162
918843953559,1085572635393,36024608
146983109667,753702580571,31908511
1085152329406,381024857097,23411729
485401061897,660727266378,14305981
313878650325,643018270527,17225933
220773106008,551546022540,32964467
791092910136,958062897179,79182888
282339190370,997215224255,55238438
191485947106,744877240616,45024266
502881698768,730740121625,46658409
267692140670,953684020145,35893568
952168907445,525952789998,33254360
1019565614462,937626378011,28695725
621152889382,293346972695,36257070
233779990095,626481947782,37891465
1073110392917,611591282027,36181433
1044195887297,269396879603,52364744
549714761201,308955489452,47681534
475276119208,11676906039,51845181
24709147831,844250623922,48473825
634530000626,171839086570,47632632
211257338296,841983418527,56198287
574835163688,66019652342,30884922
677962910387,210249059760,27967629
276463450861,282226867320,24842705
250722603136,1020918501095,30693838
913960398639,691540191361,32201136
427164449260,573917311988,35844996
554042419368,870531330124,27334188
12036513018,704191516222,27182735
160750536379,982127132374,26971792
465100833330,377175709919,21901221
886863009119,559448945594,24402737
873618225671,306652665877,22043047
656795098297,366267732010,40169082
265590779011,275863166352,32726170
622014581154,21790013584,45133506
587678878098,299800013075,46628248
2298376771,45805390238,36158882
995518599236,7439568940,29742640
964908857132,305135182444,24277354
166754398563,75964902905,36179489
248038535333,131073960945,32069768
1093535586275,114987247706,29702751
113450680099,905940650453,89985059
343335299440,824180910349,52887619
936167576115,279472559249,48044370
388119172176,840234534436,47956937
668161979478,208551713646,52525038
436201460855,743540032999,54050493
883018461141,234230664498,45536062
742857332930,525090083310,32800081
70337085920,394004561477,31684020
112468993667,782220370527,31447100
970149747233,703906667392,38646841
39183015327,839650501544,30796369
1031272732443,954695313421,35283644
557623173738,315068137319,27954619
293790591152,428933881350,33096158
392552534641,716994658646,31250684
898919018410,483526629702,31972020
31176890726,269185177341,33949043
74109050934,904047887546,32424289
279568454291,1071663535190,33489150
989698253668,919695635340,41954215
478593939273,829504339086,34774423
893395540938,598479225913,27733512
959012599368,904959634874,39669876
491732795362,938452228603,31834328
1031329272072,520331081549,45559971
253888295821,18541084676,44210619
345603207883,156371255618,46093328
272758189609,617944194297,34392384
574117837980,799852779069,26082607
678780836927,194685831718,19505689
308840771384,70774007098,21125773
933731670691,1041788996638,19318255
873072573951,109227440215,27740683
371305855911,961323284004,32302498
285359054706,984003703158,36608509
601586205798,918696318280,45383732
1070036446851,449469248002,49971361
601221916609,417631777847,26153396
228241114568,80063986480,20088109
329787752496,941342564307,49237127
1059994553521,677923684477,34706493
55091007346,623721967844,45254849
293360949063,18447653914,34240779
777807779065,110513819579,28822232
177953568867,1056931466764,34784322
356439464621,35201989544,35473045
595163384969,111470524894,28361193
683164592605,85195966250,35569131
1053966824006,237352887222,28750660
92741604633,112096046860,27960168
511445752902,515624079405,23464921
864057314348,617428412615,18040814
999307313866,372926357397,23659498
359328466896,737193164771,21671671
879236871466,37879086308,30007491
687495169215,281585367886,38490221
524298187181,738197703232,28879266
70879793348,491705533197,34705034
947803441209,55363776880,33161640
607872096328,954151870475,30021984
350573552276,452820506845,33506862
782629517584,433920875726,38133847
455889302490,917701890640,32236473
906400613718,835037388615,44716288
873872620954,609992441611,46535786
906849544104,1025908514571,42897022
1062022400773,101460953088,44360184
735844747599,1051390161632,48555866
1039889707951,810623750209,51888705
689576169948,701983142733,49279125
879080859350,1041754496533,55557920
516502431920,590922887537,55595961
561076382300,970468738802,49947291
1078182109838,264204868754,66690644
661603386514,386214673473,40422066
908100078889,542563054277,56504192
808470708890,692990936609,48107587
657928679722,209926040231,56543076
723528902714,523656454866,48247475
890201360608,302429603598,50419198
465920591123,892004111863,51020241
854564419320,749247169849,45753301
185205126141,443623947702,50515329
262102274746,888636442486,44851273
706539798759,18406291676,43202241
47632765079,689377839905,25161894
533894749509,340929767018,18099757
924181751941,37133563496,27267364
89957889937,964471964684,23995863
504810207584,785909645475,29280029
313840820277,777710921612,37688611
331587193394,125991574196,56768358
597671451240,808008349858,48274328
491239498844,62030148118,30158796
762447266635,566214629404,18347397
30185650328,260575565833,18683758
319631224532,823566300669,29362391
69662558171,388084949868,39431434
211912123276,933567875701,52683325
511189169376,653507438056,41095650
987761078511,90456992213,42639810
147864030120,432187166048,46272656
426902629885,18821806366,41732945
299062024606,503430383803,30897216
772084083136,714406018866,35185985
736434444753,976655545088,38829029
1045302937467,243867536886,46883083
229186913741,228340759050,47623301
202046001568,287345453789,55930722
88223023687,431424466476,50410208
655224957708,989152714925,54143379
643114561856,932384649839,52438943
840901027045,785287083431,55103741
227030062277,131032282205,49388968
81503219442,951098712671,52787089
14916581977,400304109251,27550550
142472019892,196036777331,32442148
496238810535,727820961186,30088097
33097890352,730420600320,41727595
61931902964,337172113356,29969779
537675498481,437953827320,32474304
994175984998,857907113567,35423972
914082901691,791681222004,49210126
389282202375,945804614397,37721712
698332420254,631443811860,38844847
186266882351,122464096102,56163375
1024320662659,668427362540,47373485
448206635715,114177634395,32592741
513291972690,804836960546,30075288
880438499781,437031437231,37071960
1053407955112,103553776415,38402293
7852160936,636072879904,33678395
104153400140,170353632100,29407375
650713965917,775185110447,36278177
495721459154,678056809349,34642291
620936646947,278806961889,31094734
680863770688,318193372887,47897963
714210730860,114258558537,30292113
115568387207,717174879567,36391428
170898605609,760803370773,164043671
221235833872,614007722911,95946906
109095363750,186932943415,48480355
984538341222,531259557808,26977305
356001415896,65624874212,15290719
157923363130,963576658234,14945628
232316764790,528293629434,20433870
925305023534,983615312107,44152952
713745606408,336018582628,44636795
9876951402,116206160534,34613634
945682949741,632628727930,29590885
1045106355926,821245737749,22013557
730176345120,464351181315,39619377
889555393467,168236748044,30632072
393951330506,942616191204,39048495
425853240032,424806843826,36025729
744437714332,130542913820,41509023
84311770816,303872559464,39683390
549910602573,349474459123,37329072
132200008149,808954553907,19999187
210796770093,719872870532,23387361
307348025308,1087183574450,26388791
253662119103,1012697962652,32336726
874028690754,315587585878,53193383
974754308123,319822801219,43623949
741683230289,629205413013,31156759
214099666069,777015440955,113871292
662345804533,276363940705,48957238
704264722801,661734626376,153962615
818265879692,165937970305,28442739
45523740381,821204024857,24419888
515933547646,324497642152,36871048
336883518627,207424220435,39113762
827193497147,55437764868,39826244
907773124095,742592477025,42341374
68318236442,594608139302,59175563
473494371757,852480258899,66109379
197134809424,570339763402,53055492
901309463799,498762165183,51754047
774881988466,758792943289,57821139
639716181076,162565522616,49323073
484371849385,421453823440,72105013
311138495008,367967296750,84092507
1098747313464,518573232726,73760927
184151255792,1037968781495,60739390
542899225897,834250925486,54062710
272439768874,765457315472,51379803
24291658456,1538009226,56814790
97835899319,626655522149,30594828
603011603715,860460398237,40218101
756751859968,853213709791,65254786
737157272671,449996196934,49977347
1074735310812,564003142085,52306036
99685389407,948424517842,47065621
515275784675,69236529838,46764845
568687965557,437899043600,47818811
437266832946,403649762965,39894396
1064907846491,446406881510,28021870
229632259670,874790340715,23906860
951170965342,434187392992,22303740
103228726428,1021116500637,32334772
868246738590,555785281845,29984617
444532618032,594751891991,29355372
5685714778,931204857973,22310183
692119458709,1048817010912,16015760
35174464244,811335823216,22159618
205045867851,98315993134,26831047
125407875601,866866941155,24900575
1049169477024,1097795809461,32288580
699911054195,752455011330,41747897
773325387532,1002878450928,32883258
799902540441,989967809251,52589200
620313985087,676143090232,43257309
174005723420,1006618936101,52832976
290751407695,60782790529,50015462
54276506595,396906008651,33011095
869447600040,1044284121596,35774749
867496098540,160148639820,35303403
479437764385,241699937435,45176627
596956805702,957880055369,56349193
125916800499,1082882523857,44118671
563667079720,704416309759,44681779
586931023839,507470571781,37746814
348636094445,1090473010946,53081314
135587565986,96247997463,63748121
293345926091,56132176418,45188937
110166097693,752418150751,61392278
325816205457,325686022321,42579098
747521610543,899213373358,64230850
630704866551,120696580543,98084284
746263214003,345387428734,60080749
104889790261,470297260686,58649797
646873956017,227631208249,49433150
34305445585,816892850176,43456576
307961432992,495024092810,33848194
438324476816,1061835934921,31997577
30292027461,645520908890,46651419
1088900896507,637267303746,42798952
410257401315,614699553450,71194983
839130752821,366610619754,61406643
1089581410973,595855049825,66571178
769333250546,414834481431,63915063
416955055032,89637651136,51592273
977975296695,894355070392,50794533
1033026806327,777101654087,37372498
811406053549,121357546969,18314692
1044294528190,625621905586,22325408
410900664998,65406580004,23351973
575833493928,670642650360,33888151
845450385890,706768469193,43531926
42719504236,446705805363,39765177
749647163262,789846941273,37437702
411521612765,571468402703,27162386
704112658921,1095943630442,32254720
547381724934,542685556303,51288939
414301525697,1071987006794,64269925
792652018169,208752672554,53786974
491257974478,360473269057,52497563
1027135945633,785996119202,52440613
661785938349,935044567937,53121219
940033274137,284141811368,47009320
638759895254,24160098789,53187629
668593441127,930627670858,45007946
495098139810,321108141684,51615295
329637663033,674295309355,48771981
644401048359,949122823065,31187918
1082995118718,581211580074,27234114
647969402507,472233045670,32560813
127066702572,758595741049,35208127
580132338838,511493933398,40970241
381770479537,131917514735,38259904
710763621505,46951857143,36351910
989022495665,1074467717384,27532921
166977157840,959872422748,29591109
375596430769,640500290540,35635377
670926306421,999405920058,37742438
84303398512,1004873860022,24487089
893370981524,760116096020,14415410
817533185777,30026546368,19048368
259764347257,292955633681,21061633
268608759526,809828270427,25368321
710412018423,931652413515,15942850
940409852769,930761016252,20815215
438708873951,259358254063,22774440
70674842540,973155794284,27261803
256130829848,255241257195,33034537
466646410679,510035687413,34014559
402047581556,297358763055,32431954
49560412774,892693796092,37653673
274080198440,537129134041,29935766
280544114953,230553169229,32776716
757471214307,753837119248,46495400
346750685986,703139422106,50201261
14025723003,768452767284,35952821
341225909871,805770413967,42984097
750926998068,471488381397,35782312
667695982061,596357758329,32937792
366605585018,552303470031,37449650
524248990693,110971769085,37440330
293347015969,704377994065,29831493
750912204999,152292250730,35011611
1004228751614,363970582803,36855452
653057706425,737759674058,32384195
24577226672,675366137030,29791392
389006261534,88059711672,35264528
835869969183,6674191558,25670152
306900067431,307208454908,17257382
609605822176,875929433470,16382757
949873573577,871377943671,19483657
221613587600,832394079940,20860414
9069262520,516652840766,23556110
722882723356,160900182487,29883857
450325460773,29628702954,23566492
1100971676304,56969213855,20219607
805155267774,460788852076,17835218
310480668612,861061249606,59305159
1024135754454,793650903424,47472902
329714801732,440861357608,47239287
216861534202,724721250149,31069825
162717742228,271351589494,21752284
599480793450,275932308,18148354
473086661498,923129024807,28203724
215338017465,601316293339,30360548
1003710822769,700576666009,42481107
345180022105,414909129288,22844276
2934817163,386911987207,14767015
612209166244,561476871489,16725792
472988597511,269608659437,18144144
938349174888,196377756324,20835430
950451461182,1074693142995,21213737
1011820995921,610050715139,75913802
969011306253,732442490422,52476816
301441479538,680337231865,62348587
756782851285,461948788475,55861641
326189092509,1045322182246,49497405
625886792754,209382065242,14839626
425365634682,67820084827,21484116
236670847600,1060278394039,27095373
346745083967,894071709412,28965684
